,Delta,Theta,Alpha,Beta,Gamma
0,0.03260302861392042,65.62227111231131,83.33681802709387,0.07470839565223568,0.24490734780267462
1,0.02352775018379073,66.8221557052084,84.53495980674586,0.04834034021693978,0.301115950321908
2,0.029294355371611246,65.39177310152184,82.9520673422365,0.0675382529082626,0.2878922047685613
3,0.028016278703454047,65.53134273275036,83.51617065508853,0.08694678309070716,0.20661553775758196
